"Ticker","Date","Open","High","Low","Close"
"AMGN","9-19-16",173.25,173.5,171.18,171.38
"AMGN","9-20-16",172.94,174.26,172.459,173.38
"AMGN","9-21-16",174.24,174.25,171.61,173.85
"AMGN","9-22-16",174.6,175.73,173.75,175.62
"AMGN","9-23-16",176.27,176.85,174.61,174.8
"AMGN","9-26-16",174.22,174.45,172.83,173.53
"AMGN","9-27-16",170.24,171.98,169.5,171.63
"AMGN","9-28-16",172.22,172.22,169.05,169.71
"AMGN","9-29-16",170.39,170.39,165.33,165.45
"AMGN","9-30-16",166.38,167.72,165.265,166.81
"AMGN","10-3-16",166.05,167.58,164.44,167.34
"AMGN","10-4-16",167.34,168.69,167.14,167.55
"AMGN","10-5-16",167.55,168.39,166.92,167.24
"AMGN","10-6-16",166.33,167.79,165.79,166.9
"AMGN","10-7-16",167.94,168.1499,166.3,167.5
"AMGN","10-10-16",168.2,168.59,167.67,168.31
"AMGN","10-11-16",167.82,167.82,163.51,164.32
"AMGN","10-12-16",164.32,165.59,163.611,163.88
"AMGN","10-13-16",162.85,165.09,162.51,164.29
"AMGN","10-14-16",165.05,165.25,161.84,161.9
"AMGN","10-17-16",162.2,163.45,161.14,162.62
"AMGN","10-18-16",163.74,163.86,162.75,162.8
"AMGN","10-19-16",163.42,163.61,161.02,161.08
"AMGN","10-20-16",161,163.35,161,161.5
"AMGN","10-21-16",160.69,161.22,158.35,158.51
"AMGN","10-24-16",159.36,159.7,158.24,158.76
"AMGN","10-25-16",158.84,159.27,157.7962,157.895
"AMGN","10-26-16",158.68,160.05,158.03,158.99
"AMGN","10-27-16",159.71,161.6,159.64,160.57
"AMGN","10-28-16",151.69,151.76,142.64,145.18
"AMGN","10-31-16",146.55,146.68,140.94,141.16
"AMGN","11-1-16",141.17,142.41,139.31,140.76
"AMGN","11-2-16",140.31,140.61,138.64,138.7
"AMGN","11-3-16",139.7,139.77,135,135.22
"AMGN","11-4-16",133.71,137.6102,133.64,135.4
"AMGN","11-7-16",137.85,140.23,137.16,139.21
"AMGN","11-8-16",139.55,140,137.35,138.45
"AMGN","11-9-16",146.75,152.85,142.75,146.42
"AMGN","11-10-16",150.4,152.23,148.76,151.57
"AMGN","11-11-16",150.05,150.84,146.8,149.04
"AMGN","11-14-16",148.47,149.15,146.01,146.42
"AMGN","11-15-16",146.87,148.46,145.01,147.06
"AMGN","11-16-16",147.57,148.5,146.4433,147.23
"AMGN","11-17-16",147.73,148.45,146.51,147.36
"AMGN","11-18-16",147.05,148.35,144.9,145.23
"AMGN","11-21-16",145.99,146.17,145.11,145.55
"AMGN","11-22-16",146.82,146.95,142.82,144.33
"AMGN","11-23-16",142.94,145.17,142.84,145.03
"AMGN","11-25-16",145.22,146,144.76,145.43
"AMGN","11-28-16",145.25,145.9199,144.5,145.07
"AMGN","11-29-16",145.36,146.79,145.31,146
"AMGN","11-30-16",145.7,146.32,144.07,144.07
"AMGN","12-1-16",144.24,144.24,142.14,142.39
"AMGN","12-2-16",142.29,144.91,141.5,144.01
"AMGN","12-5-16",145.45,146.37,143.72,145.29
"AMGN","12-6-16",145.8,145.99,144.28,145.11
"AMGN","12-7-16",143.52,143.88,139.66,141.19
"AMGN","12-8-16",140.83,141.0981,138.83,140.59
"AMGN","12-9-16",141.5,144.58,141,143.45
"AMGN","12-12-16",142.92,146.04,142.79,145.76
"AMGN","12-13-16",146.81,149.97,146.55,148.37
"AMGN","12-14-16",148.16,149.55,147.42,148.69
"AMGN","12-15-16",149.18,150.47,148.78,150.39
"AMGN","12-16-16",150.92,151.21,148.81,149.37
"AMGN","12-19-16",149.75,150.35,147.21,147.74
"AMGN","12-20-16",146.82,147.99,146.47,147.22
"AMGN","12-21-16",147.07,147.625,145.7,146.17
"AMGN","12-22-16",146.31,146.61,145.12,146.36
"AMGN","12-23-16",146.35,147.73,146.24,147.55
"AMGN","12-27-16",147.77,150.11,147.77,148.36
"AMGN","12-28-16",148.63,149.15,147.36,147.67
"AMGN","12-29-16",147.37,148.6931,147.37,147.78
"AMGN","12-30-16",147.63,148.75,145.62,146.21
"AMGN","1-3-17",147.86,151,147.12,150.73
"AMGN","1-4-17",152.09,153.72,151.77,152.87
"AMGN","1-5-17",152.72,153.4,151.51,152.98
"AMGN","1-6-17",159.88,161,156.67,156.78
"AMGN","1-9-17",157.01,158.945,156.63,158.84
"AMGN","1-10-17",158.49,159.13,157.24,158.76
"AMGN","1-11-17",159.16,159.16,154.5,156.62
"AMGN","1-12-17",155.44,156.15,154.56,155.36
"AMGN","1-13-17",155.28,157.21,154.89,156.12
"AMGN","1-17-17",155.14,156.12,153.53,154.8
"AMGN","1-18-17",155.69,155.94,154.51,155.77
"AMGN","1-19-17",155.13,155.6915,153.254,153.8
"AMGN","1-20-17",154.71,155.35,153.82,154.67
"AMGN","1-23-17",154.21,154.55,152.4,152.72
"AMGN","1-24-17",152.82,153,150.375,151.85
"AMGN","1-25-17",152.53,154.82,151.77,154.1
"AMGN","1-26-17",155,155.8,152.9,152.98
"AMGN","1-27-17",153.23,157.5,152.7601,157.16
"AMGN","1-30-17",157.105,157.18,153.77,154.43
"AMGN","1-31-17",153.7,156.96,153.15,156.68
"AMGN","2-1-17",158.59,159.75,157.05,159.67
"AMGN","2-2-17",159.73,159.94,156.91,159.58
"AMGN","2-3-17",166.1,167.85,164.86,167.53
"AMGN","2-6-17",166.18,166.89,165.13,166.58
"AMGN","2-7-17",167,167.72,165.6,166.82
"AMGN","2-8-17",166.5,168.35,166.32,168.12
"AMGN","2-9-17",165.75,167.79,165.5,167.47
"AMGN","2-10-17",167.8,168.31,167.03,167.89
"AMGN","2-13-17",167.72,168.26,166.68,167.66
"AMGN","2-14-17",167.07,168.07,165.57,168.05
"AMGN","2-15-17",167.32,172,167,171.79
"AMGN","2-16-17",171.56,172.17,170.3001,172.11
"AMGN","2-17-17",171.35,173.36,168.89,173.29
"AMGN","2-21-17",172.85,173.5,171.86,173.14
"AMGN","2-22-17",172.33,174.7,171.8901,172.61
"AMGN","2-23-17",172.75,174.01,171.89,174.01
"AMGN","2-24-17",173.29,174.72,172.48,174.56
"AMGN","2-27-17",174.21,176.27,173.71,176.13
"AMGN","2-28-17",175.46,178.25,175.42,176.53
"AMGN","3-1-17",178,179.68,175.76,178.24
"AMGN","3-2-17",177.72,178.86,176.82,178.07
"AMGN","3-3-17",178.46,180.53,177.55,180.2
"AMGN","3-6-17",179.55,180.34,178.16,179.46
"AMGN","3-7-17",177.4,178.59,176.28,177.38
"AMGN","3-8-17",177.25,178.76,177.14,177.78
"AMGN","3-9-17",178.05,179.12,177.07,178.92
"AMGN","3-10-17",179.47,181.93,179.11,181.44
"AMGN","3-13-17",181.93,182,180.32,181.05
"AMGN","3-14-17",180.42,181.56,179.63,180.12
"AMGN","3-15-17",180.31,184.21,180.31,182.6
"AMGN","3-16-17",181.6,181.84,178.02,180.11
"AMGN","3-17-17",167.37,171.59,165.95,168.61
"AMGN","3-20-17",169.63,169.71,167.76,169.24
"AMGN","3-21-17",170.05,170.21,166.49,166.85
"AMGN","3-22-17",167.93,167.98,166.59,167.45
"AMGN","3-23-17",167.48,168.02,165.57,166.04
"AMGN","3-24-17",166.69,166.925,165.08,165.74
"AMGN","3-27-17",164.77,166.61,163,164.91
"AMGN","3-28-17",164.11,166.26,163.73,164.71
"AMGN","3-29-17",164.47,165.22,162.94,163.06
"AMGN","3-30-17",164.07,164.8,163.21,164.38
"AMGN","3-31-17",164.32,165.48,163.85,164.07
"AMGN","4-3-17",164.63,165.02,163.52,163.89
"AMGN","4-4-17",163.78,164.49,163.12,164.36
"AMGN","4-5-17",163.27,164.76,161.68,162.24
"AMGN","4-6-17",162.2,163.45,161.61,162.25
"AMGN","4-7-17",162.91,164.24,162.25,163.38
"AMGN","4-10-17",163.85,164.24,162.62,162.79
"AMGN","4-11-17",162.89,163.4,161.56,163.11
"AMGN","4-12-17",164.08,164.1,162.16,163.05
"AMGN","4-13-17",163.28,163.63,161.33,161.61
"AMGN","4-17-17",161.34,162.52,161.26,162.11
"AMGN","4-18-17",161.93,161.93,160.28,161.25
"AMGN","4-19-17",162.1,162.64,161.13,161.26
"AMGN","4-20-17",161.05,162.77,161.01,162.04
"AMGN","4-21-17",162.15,162.73,160.25,160.41
"AMGN","4-24-17",162.5,163.6,161.9,163.14
"AMGN","4-25-17",163.52,165.3,163.4,164.7
"AMGN","4-26-17",165.61,165.61,164.3397,164.61
"AMGN","4-27-17",160.13,163.4327,160,162.72
"AMGN","4-28-17",162.39,163.48,161.53,163.32
"AMGN","5-1-17",163.68,164.44,162.45,162.6
"AMGN","5-2-17",163.91,163.94,162.41,163.49
"AMGN","5-3-17",163.82,164.08,163,163.81
"AMGN","5-4-17",164.17,164.82,163.52,164.29
"AMGN","5-5-17",164.81,164.81,162.42,163.81
"AMGN","5-8-17",163.73,163.81,162.47,163.03
"AMGN","5-9-17",163.17,164.08,162.83,163.22
"AMGN","5-10-17",163.25,163.48,159.7001,160.51
"AMGN","5-11-17",159.86,160.52,158.29,160.08
"AMGN","5-12-17",160.49,160.62,159.46,160.22
"AMGN","5-15-17",158.88,160.15,158.71,159.97
"AMGN","5-16-17",160.21,160.49,159.4575,159.99
"AMGN","5-17-17",158.77,159.285,156.93,157.06
"AMGN","5-18-17",157.37,158.79,156.29,157.96
"AMGN","5-19-17",157.59,158.58,156.35,156.51
"AMGN","5-22-17",153.59,154.605,152.45,153.02
"AMGN","5-23-17",152.65,154.57,152.16,154.07
"AMGN","5-24-17",154.77,154.99,153.79,154.6
"AMGN","5-25-17",155.19,156.04,154.62,155.43
"AMGN","5-26-17",155.6,156.13,154.79,155.01
"AMGN","5-30-17",155.01,155.365,153.56,153.85
"AMGN","5-31-17",153.67,155.37,153.67,155.24
"AMGN","6-1-17",155.4,156.77,155.24,156.24
"AMGN","6-2-17",157.27,159.62,157,159.15
"AMGN","6-5-17",160.29,161.12,158.27,160.22
"AMGN","6-6-17",160.13,160.919,159.24,159.53
"AMGN","6-7-17",159.82,162.05,159.75,161.66
"AMGN","6-8-17",161.98,163.165,161.41,162.65
"AMGN","6-9-17",162.75,166.1369,162.63,164.06
"AMGN","6-12-17",165,167.23,163.28,164.88
"AMGN","6-13-17",164.47,165.09,163.77,164.43
"AMGN","6-14-17",164.36,165.88,163.97,165.1
"AMGN","6-15-17",164.24,164.9,162.55,164.11
"AMGN","6-16-17",163.84,164.1,161.13,162.42
"AMGN","6-19-17",163.1,165.22,162.69,165.09
"AMGN","6-20-17",165.43,168.7,164.79,166.29
"AMGN","6-21-17",167.2,171.76,166.36,171.35
"AMGN","6-22-17",172.44,175.45,172.1,173.82
"AMGN","6-23-17",173.24,174.13,170.96,172.5
"AMGN","6-26-17",173.39,174.72,172.41,173.67
"AMGN","6-27-17",173.02,173.92,170.77,170.85
"AMGN","6-28-17",171.42,174.5394,170.83,174.07
"AMGN","6-29-17",174.49,174.72,171.02,172.59
"AMGN","6-30-17",173.61,174.25,172.01,172.23
"AMGN","7-3-17",172.63,172.63,172.8,172.8
"AMGN","7-5-17",172.67,174.38,171.92,174.26
"AMGN","7-6-17",173.1,173.61,171.31,171.72
"AMGN","7-7-17",171.64,172.03,170.59,171.43
"AMGN","7-10-17",171.59,172.5501,171,172.2
"AMGN","7-11-17",174.18,174.435,172.07,173.32
"AMGN","7-12-17",173.71,174.24,172.67,173.27
"AMGN","7-13-17",173.28,176.2,173.09,175.04
"AMGN","7-14-17",175.43,177.68,174.41,177.13
"AMGN","7-17-17",176.84,178.8952,176.68,177.4
"AMGN","7-18-17",176.66,177.63,176.14,177.48
"AMGN","7-19-17",178.1,179.2,176.52,179.18
"AMGN","7-20-17",179.05,180.73,178.88,179.32
"AMGN","7-21-17",179.26,180.55,179.16,180.21
"AMGN","7-24-17",180.19,181.46,178.66,181.06
"AMGN","7-25-17",182.05,182.6,180.34,180.89
"AMGN","7-26-17",176.01,178.855,175.2,175.89
"AMGN","7-27-17",175,175.48,170.53,172.15
"AMGN","7-28-17",171.98,175.06,171.71,174.54
"AMGN","7-31-17",174.51,176.79,174.25,174.51
"AMGN","8-1-17",174.81,175.11,173.66,174.13
"AMGN","8-2-17",173.57,174.59,173.21,174.46
"AMGN","8-3-17",173.5201,174.71,173.26,174.18
"AMGN","8-4-17",174.27,174.82,172.9,173.85
"AMGN","8-7-17",173.87,174.65,173.26,174.58
"AMGN","8-8-17",173.96,174.9,172.98,173.69
"AMGN","8-9-17",173.1,174.18,172.65,173.55
"AMGN","8-10-17",172.07,172.668,168.59,169.11
"AMGN","8-11-17",169.82,170.63,168.76,169.43
"AMGN","8-14-17",170.28,172.076,169.97,171.67
"AMGN","8-15-17",171.1,171.45,169.76,170.04
"AMGN","8-16-17",170.26,172.635,170.14,171.39
"AMGN","8-17-17",170.69,171,167.8,167.81
"AMGN","8-18-17",167.37,168.43,166.52,167.29
"AMGN","8-21-17",167.46,168.64,167.01,168.16
"AMGN","8-22-17",168.86,170.94,168.83,170.07
"AMGN","8-23-17",169.66,169.94,168.76,169
"AMGN","8-24-17",169.28,170.69,168.57,169.95
"AMGN","8-25-17",170.82,171.57,169.4,169.74
"AMGN","8-28-17",170.86,172.64,170.26,171.78
"AMGN","8-29-17",170.66,172.35,170.35,172.23
"AMGN","8-30-17",172.19,175.08,171.54,173.65
"AMGN","8-31-17",173.74,178.64,173.74,177.77
"AMGN","9-1-17",178.14,179.73,177.3,178.71
"AMGN","9-5-17",178,178.5,175.361,176.74
"AMGN","9-6-17",177.59,179.08,176.36,178.38
"AMGN","9-7-17",178.5,182.77,177.28,180.71
"AMGN","9-8-17",180.93,182.66,179.52,180.64
"AMGN","9-11-17",182.54,186.71,182.54,186.49
"AMGN","9-12-17",187,191.04,186.78,191
"AMGN","9-13-17",189.9,190.94,187.71,189.7
"AMGN","9-14-17",188.37,191.0999,187.81,189.44
"AMGN","9-15-17",189.66,189.66,186.31,187.47
"AMGN","9-18-17",187.79,188.556,186.12,186.47
"AMGN","9-19-17",186.81,187.44,185.81,186.32
"AMGN","9-20-17",186.08,188.55,185.4201,188.17
"AMGN","9-21-17",188.32,188.96,186.5,186.64
"AMGN","9-22-17",185.48,186.82,184,185.76
"AMGN","9-25-17",185.51,188.03,185.51,186.29
"AMGN","9-26-17",186.51,187.55,185.4,185.6
"AMGN","9-27-17",185.05,186.8799,183.9,184.88
"AMGN","9-28-17",184.29,187.82,184.13,185.46
"AMGN","9-29-17",185.7,186.54,183.17,186.45
"AMGN","10-2-17",187.03,187.725,185.56,187.17
"AMGN","10-3-17",188.05,188.22,185.625,187.23
"AMGN","10-4-17",186.55,188.72,186.02,188.59
"AMGN","10-5-17",189.05,190,184.31,186.85
"AMGN","10-6-17",186.46,188.24,185.16,185.82
"AMGN","10-9-17",185.95,186.84,184.4,185.46
"AMGN","10-10-17",185.46,186.58,184.46,185.79
"AMGN","10-11-17",185.28,185.5,182.68,184.15
"AMGN","10-12-17",183.39,184.39,182.04,182.76
"AMGN","10-13-17",182.64,183.35,182.01,183.01
"AMGN","10-16-17",182.96,184.2,181.2,181.9
"AMGN","10-17-17",182.03,187.06,181.125,186.19
"AMGN","10-18-17",187.85,188.84,185.83,186.28
"AMGN","10-19-17",185.99,186.98,183.25,184.12
"AMGN","10-20-17",184.09,184.819,181.29,182.96
"AMGN","10-23-17",183.25,183.62,180.37,180.53
"AMGN","10-24-17",181.26,181.5386,177.23,180.37
"AMGN","10-25-17",179.1,180.04,176.56,177.5
"AMGN","10-26-17",170.87,177.44,169.6842,176.52
"AMGN","10-27-17",175.35,176.43,173.291,175.28
"AMGN","10-30-17",175.5,176.8,173.58,174.59
"AMGN","10-31-17",174.15,176.19,174.15,175.22
"AMGN","11-1-17",175.3,177.31,174.72,175.42
"AMGN","11-2-17",174.77,175.38,171.26,172.41
"AMGN","11-3-17",172.1,174.03,171.6,173.44
"AMGN","11-6-17",172.86,173.325,170.69,170.8
"AMGN","11-7-17",170.61,174.75,170.61,173.48
"AMGN","11-8-17",174,174.65,173.18,173.58
"AMGN","11-9-17",172.75,174.23,171.31,174
"AMGN","11-10-17",173.15,173.4777,171.19,172.35
"AMGN","11-13-17",171.58,172.94,171.1,171.5
"AMGN","11-14-17",170.89,171.49,168.31,170.13
"AMGN","11-15-17",170.19,170.52,168.33,169.38
"AMGN","11-16-17",168.91,171.15,168.75,170.77
"AMGN","11-17-17",170.67,171.09,169.54,170
"AMGN","11-20-17",169.9,170.22,168.15,168.79
"AMGN","11-21-17",169.35,170.49,168.89,169.84
"AMGN","11-22-17",169.86,170.7299,169.33,169.96
"AMGN","11-24-17",169.5,170.76,169.49,170.12
"AMGN","11-27-17",170.56,171.26,169.56,169.71
"AMGN","11-28-17",170.57,170.66,169.43,170.26
"AMGN","11-29-17",171,174,170.59,172.23
"AMGN","11-30-17",172.63,176.06,172.63,175.66
"AMGN","12-1-17",174.16,177.86,174.05,177.2
"AMGN","12-4-17",178.46,180.74,178.16,178.69
"AMGN","12-5-17",179.01,180.73,177.94,178.67
"AMGN","12-6-17",179.45,179.48,174.675,176.22
"AMGN","12-7-17",175.68,176.94,173.4301,173.96
"AMGN","12-8-17",174.43,175.97,173.43,175.41
"AMGN","12-11-17",176.09,177.69,175.01,176.83
"AMGN","12-12-17",176.83,176.99,174.13,176.26
"AMGN","12-13-17",176.87,178.22,175.97,177.38
"AMGN","12-14-17",177.44,177.97,174.55,174.92
"AMGN","12-15-17",176.39,177.41,174.14,177.04
"AMGN","12-18-17",177.86,178.63,176.03,176.14
"AMGN","12-19-17",175.91,177.28,175.405,176.87
"AMGN","12-20-17",177.6,179.17,177.04,177.11
"AMGN","12-21-17",177.57,178.23,176.46,176.68
"AMGN","12-22-17",176.62,177.49,175.77,176.42
"AMGN","12-26-17",176.18,176.92,175.5,176.09
"AMGN","12-27-17",176.44,177.28,176.09,176.21
"AMGN","12-28-17",176.77,177,175.06,175.25
"AMGN","12-29-17",175.25,176.06,173.76,173.9
"AMGN","1-2-18",175.35,177.8155,174.42,177
"AMGN","1-3-18",176.91,181.4405,175.76,180.34
"AMGN","1-4-18",180.63,180.86,178.75,179.58
"AMGN","1-5-18",180.84,180.88,179.03,180.65
"AMGN","1-8-18",180.48,181.25,178.43,180.6
"AMGN","1-9-18",180.53,184.53,180.12,183.38
"AMGN","1-10-18",182.66,183.7,180.37,182.86
"AMGN","1-11-18",182.86,182.86,181.1,181.96
"AMGN","1-12-18",182.34,185.61,181.751,185.04
"AMGN","1-16-18",185.62,187.4499,184.17,185.54
"AMGN","1-17-18",187.7,189.3,185.9001,188.01
"AMGN","1-18-18",187.445,188.56,185.5,187.59
"AMGN","1-19-18",188.36,189.72,187.6,189.28
"AMGN","1-22-18",189.73,192.57,189.43,192.33
"AMGN","1-23-18",193,196.03,191.6,191.99
"AMGN","1-24-18",192.75,192.9399,189.51,190.63
"AMGN","1-25-18",191.4,191.8,188.9,190.08
"AMGN","1-26-18",191.05,196.8,190.99,196.01
"AMGN","1-29-18",196.21,201.23,195.65,198
"AMGN","1-30-18",196.18,196.468,190.55,191.27
"AMGN","1-31-18",191.64,192.27,184.65,186.05
"AMGN","2-1-18",185,186.83,182.33,185.56
"AMGN","2-2-18",183.46,192.6,183.01,187.01
"AMGN","2-5-18",186.82,188.5981,174.62,174.75
"AMGN","2-6-18",177.99,180.28,172.04,176.65
"AMGN","2-7-18",176.25,180.99,176,177.47
"AMGN","2-8-18",177.93,180.42,173,173.12
"AMGN","2-9-18",174.13,175.46,168.251,173.46
"AMGN","2-12-18",174.3,176.67,173,174.87
"AMGN","2-13-18",173.87,176.7,172.46,175.94
"AMGN","2-14-18",174.08,180.31,174.06,179.52
"AMGN","2-15-18",180,185,179.895,183.6
"AMGN","2-16-18",183.8,186.12,182.68,183.55
"AMGN","2-20-18",182.89,184.31,182.14,182.98
"AMGN","2-21-18",183.19,185.5,182.4,182.43
"AMGN","2-22-18",182.51,185.16,182.01,182.45
"AMGN","2-23-18",183.63,186.79,182.7701,186.67
"AMGN","2-26-18",187.46,190.37,187.03,188.5
"AMGN","2-27-18",188.83,190.1,185.55,185.79
"AMGN","2-28-18",185.88,187.39,183.69,183.77
"AMGN","3-1-18",184.21,185.57,180.3847,183.29
"AMGN","3-2-18",181.06,185.8,181.05,185.08
"AMGN","3-5-18",185.05,190.69,185,190.13
"AMGN","3-6-18",188.2,191.64,186.93,190.35
"AMGN","3-7-18",189.73,190.22,186.41,187.53
"AMGN","3-8-18",187.9,188.4,185.51,187.16
"AMGN","3-9-18",188,191.38,186.32,191.1
"AMGN","3-12-18",189.5,190.39,188.32,189.3
"AMGN","3-13-18",189.6,190.83,188.631,189.75
"AMGN","3-14-18",191.18,192.62,189.8,190.57
"AMGN","3-15-18",190.05,190.88,187.91,189.75
"AMGN","3-16-18",189.75,190.25,187.23,188.24
"AMGN","3-19-18",187.29,187.93,180.665,182.55
"AMGN","3-20-18",183.06,184.02,181.1675,182.03
"AMGN","3-21-18",181.43,184.04,181.4,181.59
"AMGN","3-22-18",179.92,180.75,176,176.08
"AMGN","3-23-18",176.57,179.18,169.35,169.43
"AMGN","3-26-18",172.78,175.87,170.11,175.19
"AMGN","3-27-18",176.16,176.36,169.82,171.15
"AMGN","3-28-18",171.35,172.5,168.02,170.46
"AMGN","3-29-18",170.99,172.235,169.64,170.48
"AMGN","4-2-18",169.92,170.58,163.31,166.05
"AMGN","4-3-18",166.97,169.22,165.08,168.22
"AMGN","4-4-18",166.17,174.27,165.88,173.52
"AMGN","4-5-18",174,174.43,170.99,172
"AMGN","4-6-18",170.86,171.72,166.2,168.14
"AMGN","4-9-18",169.2,172.95,167.99,169.62
"AMGN","4-10-18",170.89,173.88,170.11,173.13
"AMGN","4-11-18",171.8,174.07,171.6,172.41
"AMGN","4-12-18",172.68,174.11,170.96,171.02
"AMGN","4-13-18",172.11,172.43,170.79,171.48
"AMGN","4-16-18",172.75,173.13,171.07,171.38
"AMGN","4-17-18",173,175.6321,171.58,174.88
"AMGN","4-18-18",174.61,176.16,174.44,175.11
"AMGN","4-19-18",174.47,175.4,171.79,172.93
"AMGN","4-20-18",173.1,173.47,170.57,171.56
"AMGN","4-23-18",171.62,176.97,171.25,174.66
"AMGN","4-24-18",175.55,175.76,170.53,171.94
"AMGN","4-25-18",173.66,175.44,170.34,174.83
"AMGN","4-26-18",175.42,176.68,171.7901,175.37
"AMGN","4-27-18",174.92,177.92,174.8554,177.46
"AMGN","4-30-18",177.91,178.74,174.35,174.48
"AMGN","5-1-18",172.15,173.99,167.98,169.28
"AMGN","5-2-18",169.3,171.07,168.3,169.43
"AMGN","5-3-18",169.28,170.34,166.05,166.39
"AMGN","5-4-18",165.96,169.5,165.22,167.98
"AMGN","5-7-18",168.58,169.9299,167.5,168.06
"AMGN","5-8-18",168.81,170.5,167.5,168.49
"AMGN","5-9-18",168.7,170.53,167.09,169.64
"AMGN","5-10-18",170.26,171.49,169.36,170.77
"AMGN","5-11-18",170.38,174.35,170.03,173.89
"AMGN","5-14-18",174.1,177.8,173.04,175.96
"AMGN","5-15-18",174.81,175.31,171.1,172.34
"AMGN","5-16-18",171.35,174.58,170.62,173.8
"AMGN","5-17-18",173.31,175.43,172.53,174.65
"AMGN","5-18-18",176.51,177.34,174.69,176.3
"AMGN","5-21-18",177.12,177.94,175.9,176.47
"AMGN","5-22-18",176.71,179.57,176.51,178.36
"AMGN","5-23-18",177.12,179.99,176.663,179.94
"AMGN","5-24-18",180,180.2599,176.99,177.96
"AMGN","5-25-18",177.96,179.08,177.6,178.24
"AMGN","5-29-18",176.99,178.38,175.7701,177.44
"AMGN","5-30-18",178.29,181.78,178.01,180.24
"AMGN","5-31-18",180.31,180.95,178.38,179.62
"AMGN","6-1-18",180.75,184.77,180.36,183.57
"AMGN","6-4-18",183.18,185.965,182.83,185.44
"AMGN","6-5-18",182.8,184.71,179.794,181.73
"AMGN","6-6-18",182.01,184.15,180.87,183.55
"AMGN","6-7-18",183.47,184.05,182.51,183.3
"AMGN","6-8-18",183.89,185.645,183.6,184.3
"AMGN","6-11-18",184.14,184.82,182.93,184.61
"AMGN","6-12-18",184.27,185.12,183.41,185.07
"AMGN","6-13-18",185.36,186.57,183.45,183.68
"AMGN","6-14-18",184.09,186.07,182.7,185.79
"AMGN","6-15-18",186.47,186.74,184.02,185.01
"AMGN","6-18-18",184.13,184.5,182.38,183.95
"AMGN","6-19-18",182.83,186.34,182.83,186.19
"AMGN","6-20-18",186.25,187.51,184.74,186.51
"AMGN","6-21-18",186.51,186.51,184.415,185.99
"AMGN","6-22-18",186.31,188.09,184.83,185.15
"AMGN","6-25-18",185.01,186.69,184.07,185.36
"AMGN","6-26-18",185.34,185.95,183.98,184.59
"AMGN","6-27-18",184.92,187.36,183.47,183.53
"AMGN","6-28-18",183.16,184.58,181.7,183.34
"AMGN","6-29-18",183.59,186.05,183.585,184.59
"AMGN","7-2-18",184.09,185.46,182.7,185.29
"AMGN","7-3-18",186.45,187.4,185.57,185.71
"AMGN","7-5-18",186.14,188.17,185.61,187.36
"AMGN","7-6-18",188.57,191.49,188.01,191.01
"AMGN","7-9-18",191.5,194.39,191.17,194.17
"AMGN","7-10-18",194.17,196.1489,192.54,195.69
"AMGN","7-11-18",194.6,195.19,192.52,193.15
"AMGN","7-12-18",194.19,194.26,192.56,194.08
"AMGN","7-13-18",194.99,196.75,193.38,195.91
"AMGN","7-16-18",195.71,196.57,194.11,194.88
"AMGN","7-17-18",192.37,194.9,192.1115,193.92
"AMGN","7-18-18",193.25,194,192.05,192.8
"AMGN","7-19-18",191.86,192.85,190.29,191.76
"AMGN","7-20-18",191.48,191.48,189.49,190.49
"AMGN","7-23-18",190.11,190.965,189.16,189.97
"AMGN","7-24-18",191.25,193.2,190.5,191.4
"AMGN","7-25-18",191.62,193.46,190.765,193.04
"AMGN","7-26-18",195.03,195.59,192.68,194.05
"AMGN","7-27-18",196,196.2184,189.57,192.44
"AMGN","7-30-18",191.5,192.21,189.94,190.63
"AMGN","7-31-18",191,197.49,190.8725,196.55
"AMGN","8-1-18",196.33,196.98,194.7,195.84
"AMGN","8-2-18",194.64,197.42,192.73,196.38
"AMGN","8-3-18",196.27,198.41,196.1,197.99
"AMGN","8-6-18",197.44,199.83,196.52,197.61
"AMGN","8-7-18",197.69,200.9,197.64,200.4
"AMGN","8-8-18",198.5,198.5,195.07,196.2
"AMGN","8-9-18",195.43,196.324,193.83,193.97
"AMGN","8-10-18",193.3,195.18,192.2618,194.42
"AMGN","8-13-18",194.69,196.32,193.72,195.61
"AMGN","8-14-18",195.94,196.96,194.89,195.76
"AMGN","8-15-18",194.83,195.48,192.89,195.26
"AMGN","8-16-18",194.46,197.13,192.73,196.44
"AMGN","8-17-18",196.24,198.51,195.28,197.42
"AMGN","8-20-18",197.89,198.5,196.87,197.56
"AMGN","8-21-18",197.93,198.4,196.73,197.31
"AMGN","8-22-18",197.15,198.75,195.8337,197.84
"AMGN","8-23-18",197.37,197.7499,195.62,196.6
"AMGN","8-24-18",196.88,197.5,195.5954,196.64
"AMGN","8-27-18",197.52,198.655,196.79,198.6
"AMGN","8-28-18",199.02,199.83,198,198.62
"AMGN","8-29-18",197.79,200,196.92,199.75
"AMGN","8-30-18",199.58,200.69,198.7,200.35
"AMGN","8-31-18",199.83,200.4684,198.39,199.81
"AMGN","9-4-18",199.25,199.75,195.33,196.73
"AMGN","9-5-18",197.13,198.67,196.85,197.75
"AMGN","9-6-18",197.55,198.59,195.12,196.15
"AMGN","9-7-18",195.43,197.55,194.7535,196.3
"AMGN","9-10-18",197.36,203.69,196.39,202.5
"AMGN","9-11-18",201,203,199.27,199.47
"AMGN","9-12-18",199.68,201.5,198.14,199.5
"AMGN","9-13-18",200.24,203.09,199.4083,202.93
"AMGN","9-14-18",203.64,204.42,200,200.58
"AMGN","9-17-18",200.29,201.45,199.51,200.81
"AMGN","9-18-18",200.42,203.87,199.2,202.34
"AMGN","9-19-18",202.69,204.4,201.57,203.2
"AMGN","9-20-18",203.6,205.25,203.02,205.1
"AMGN","9-21-18",205.66,206.6234,204.17,205.1
"AMGN","9-24-18",204.53,207.67,204.11,207.21
"AMGN","9-25-18",208.28,208.895,206.26,206.46
"AMGN","9-26-18",206.29,208.88,206.29,206.83
"AMGN","9-27-18",207.41,210.19,206.84,208.89
"AMGN","9-28-18",208.54,208.8,206.77,207.29
"AMGN","10-1-18",207.73,209.34,206.62,206.91
"AMGN","10-2-18",206.42,208.1,206.09,207.67
"AMGN","10-3-18",208.25,208.25,206.64,206.9
"AMGN","10-4-18",206.09,207.15,200.81,203.47
"AMGN","10-5-18",204.45,206.09,201.83,204.02
"AMGN","10-8-18",203.37,206.13,203.23,205.57
"AMGN","10-9-18",205.75,208.08,204.49,206
"AMGN","10-10-18",205,206.35,200.77,201.2
"AMGN","10-11-18",201.55,202.96,192.38,193.85
"AMGN","10-12-18",195.62,198.085,194.15,197.39
"AMGN","10-15-18",196.2,198.41,195,195.59
"AMGN","10-16-18",197.22,202.68,196.22,202.34
"AMGN","10-17-18",201.41,203.31,198.94,202.77
"AMGN","10-18-18",203.17,204.51,200.2803,202.72
"AMGN","10-19-18",202.74,205.12,201.45,201.8
"AMGN","10-22-18",201.16,201.8,197.47,198.02
"AMGN","10-23-18",196.3,199.09,193.72,197.64
"AMGN","10-24-18",196.94,197.959,187.37,187.88
"AMGN","10-25-18",188.66,190.5,181.31,188.1
"AMGN","10-26-18",185.4,187.33,183.275,185.98
"AMGN","10-29-18",189.32,190.91,184.8011,188.19
"AMGN","10-30-18",189.43,191,187.0269,189.08
"AMGN","10-31-18",189.08,195.33,189.04,192.79
"AMGN","11-1-18",192.81,194.38,190.96,192.9
"AMGN","11-2-18",194.29,195.345,185.825,187.06
"AMGN","11-5-18",187.68,190.72,187.55,189.92
"AMGN","11-6-18",190.21,192.7,189.5235,190.75
"AMGN","11-7-18",192.81,197.73,192.01,197.62
"AMGN","11-8-18",197.54,198.28,195.2789,196.02
"AMGN","11-9-18",195.37,196.91,192.18,193.16
"AMGN","11-12-18",193.65,194.72,190.48,191.56
"AMGN","11-13-18",192.91,194.82,191.03,191.55
"AMGN","11-14-18",192.03,193.4,189.66,190.36
"AMGN","11-15-18",188.34,192.63,187.1201,192.45
"AMGN","11-16-18",192.36,195.24,191.69,194.18
"AMGN","11-19-18",194.92,196.77,192.87,194.91
"AMGN","11-20-18",196.32,198.68,192.76,196.44
"AMGN","11-21-18",195.17,197.55,192.61,192.77
"AMGN","11-23-18",191.25,194.48,190.7727,192.57
"AMGN","11-26-18",194.94,196.31,192.49,194.3
"AMGN","11-27-18",193.16,197.23,191.87,197.1
"AMGN","11-28-18",196.96,202.02,196.06,201.42
"AMGN","11-29-18",199.78,204,199.53,202.37
"AMGN","11-30-18",202.15,208.99,201.79,208.25
"AMGN","12-3-18",208.1,208.3,200.377,202.93
"AMGN","12-4-18",204.6,205.74,197.29,197.76
"AMGN","12-6-18",195.72,199.01,193.2,199.01
"AMGN","12-7-18",197.89,198.3959,191.05,191.44
"AMGN","12-10-18",193.03,194.79,188.19,194.09
"AMGN","12-11-18",195.91,198.41,194.34,196.18
"AMGN","12-12-18",198.09,199.44,196.3,196.41
"AMGN","12-13-18",196.77,197.66,195.22,197.53
"AMGN","12-14-18",195.04,196.1499,191.66,192.07
"AMGN","12-17-18",192.24,194.45,188.64,190.08
"AMGN","12-18-18",191.44,191.94,184.41,187.1
"AMGN","12-19-18",187.02,191.76,182.53,185.49
"AMGN","12-20-18",185.06,186.54,182.72,184.96
"AMGN","12-21-18",183.85,187.61,179.2103,180.21
"AMGN","12-24-18",179.5,182.93,178.29,178.4
"AMGN","12-26-18",179.04,188.03,178.88,187.86
"AMGN","12-27-18",185.36,190.41,183.62,190.33
"AMGN","12-28-18",191.63,194.59,190.06,190.73
"AMGN","12-31-18",191.93,195.8,191.61,194.67
"AMGN","1-2-19",192.52,193.2,188.95,191.9
"AMGN","1-3-19",192.15,194.18,188.67,188.98
"AMGN","1-4-19",191.46,196.515,190.84,195.44
"AMGN","1-7-19",194.76,199.36,194,198.07
"AMGN","1-8-19",199.2,201.12,196.68,200.61
"AMGN","1-9-19",202.36,202.9,199.63,200.37
"AMGN","1-10-19",200.37,203.52,199.47,202.68
"AMGN","1-11-19",200.64,200.99,198,200.56
"AMGN","1-14-19",199.49,200,196.66,196.78
"AMGN","1-15-19",196.3,199.99,196.04,199.38
"AMGN","1-16-19",199.3,200.44,197.595,198.89
"AMGN","1-17-19",198.38,202.53,197.98,201.92
"AMGN","1-18-19",203.33,204.33,201.04,203.88
"AMGN","1-22-19",202.62,203.48,200.78,201.98
"AMGN","1-23-19",201.99,203.95,200.13,201.56
"AMGN","1-24-19",201.61,202.4,199.735,200.97
"AMGN","1-25-19",201.95,202.23,196.88,198.77
"AMGN","1-28-19",194.97,194.97,190.014,191.95
"AMGN","1-29-19",192.18,193.67,190.8,192.11
"AMGN","1-30-19",188.89,189.755,179.65,184.86
"AMGN","1-31-19",184.78,187.6,183.91,187.11
"AMGN","2-1-19",186.51,187.83,185.56,187.07
"AMGN","2-4-19",186.96,187.14,184.29,186.18
"AMGN","2-5-19",186.2,189.06,185.72,188.31
"AMGN","2-6-19",188.31,191.87,188.11,190.76
"AMGN","2-7-19",190.67,190.67,182.67,184.23
"AMGN","2-8-19",183.41,186.05,183.41,186
"AMGN","2-11-19",186.79,187.11,185.51,185.79
"AMGN","2-12-19",187.33,188.96,186.43,188.43
"AMGN","2-13-19",189.22,190.12,188.3969,188.98
"AMGN","2-14-19",187.59,187.795,185.76,186.68
"AMGN","2-15-19",188.065,189.1,185.99,188.34
"AMGN","2-19-19",187.79,188.47,186.85,186.97
"AMGN","2-20-19",187.19,189.22,186.48,186.92
"AMGN","2-21-19",186.39,187.4,184.75,185.5
"AMGN","2-22-19",185.89,188.86,185.81,187.5
"AMGN","2-25-19",188.66,190.47,187.89,189.81
"AMGN","2-26-19",189.56,191.65,189.36,190.08
"AMGN","2-27-19",188.74,192.19,188.66,191.42
"AMGN","2-28-19",191.38,191.63,189.73,190.08
"AMGN","3-1-19",191.39,192.0608,190.47,191.16
"AMGN","3-4-19",191.82,192.12,187.41,189.78
"AMGN","3-5-19",190,190.67,188.79,188.82
"AMGN","3-6-19",188.88,189.37,182.4321,183.15
"AMGN","3-7-19",182.92,183.16,180.6,181.46
"AMGN","3-8-19",180.6,181.31,179.01,180.87
"AMGN","3-11-19",181.84,184.6,181.4,184.14
"AMGN","3-12-19",184.61,184.95,183.52,184.18
"AMGN","3-13-19",184.7,188.34,184.185,187.35
"AMGN","3-14-19",187.53,188.86,185.89,187.76
"AMGN","3-15-19",188.46,191.64,188.1,191.24
"AMGN","3-18-19",191.08,192.52,190.19,191.31
"AMGN","3-19-19",191.93,192.7584,190.9177,191.49
"AMGN","3-20-19",191.5,192.77,189.87,191.12
"AMGN","3-21-19",189.73,192.37,189.18,191.89
"AMGN","3-22-19",190.96,192.865,186.55,186.7
"AMGN","3-25-19",186.64,187.78,185.04,186.59
"AMGN","3-26-19",187.55,189.59,187.0301,188.27
"AMGN","3-27-19",188.25,188.595,185.22,186.32
"AMGN","3-28-19",187.08,187.89,186,187.65
"AMGN","3-29-19",189.37,191,188.4982,189.98
"AMGN","4-1-19",191.14,192.56,190.51,191.77
"AMGN","4-2-19",191.81,192.82,191.2,192.43
"AMGN","4-3-19",193.18,193.87,191.7101,192.92
"AMGN","4-4-19",192.85,194.43,190.99,192.33
"AMGN","4-5-19",193.88,196.87,193.3,195.41
"AMGN","4-8-19",194.53,195.31,192.56,194.88
"AMGN","4-9-19",193.59,194,192.51,192.98
"AMGN","4-10-19",194.15,195,192.34,193.89
"AMGN","4-11-19",194.57,194.79,190.65,192.11
"AMGN","4-12-19",193.02,193.48,190.79,191.42
"AMGN","4-15-19",191.84,193.18,189.85,191.2
"AMGN","4-16-19",192.27,192.57,187.44,188.05
"AMGN","4-17-19",188.35,188.74,181.53,182.47
"AMGN","4-18-19",183.24,183.49,176.8504,177.47
"AMGN","4-22-19",177.1,177.57,174.8652,176.36
"AMGN","4-23-19",176.94,180.65,175.75,179.76
"AMGN","4-24-19",180.14,180.83,178.26,178.3
"AMGN","4-25-19",177.08,181.02,175.92,180.48
"AMGN","4-26-19",180.7,181.85,180.03,181.47
"AMGN","4-29-19",181.45,182.47,179.59,181.17
"AMGN","4-30-19",181.63,182.04,177.88,179.32
"AMGN","5-1-19",175.4,178.5,171.25,176.14
"AMGN","5-2-19",176.06,178.3,174.3,176.5
"AMGN","5-3-19",176.93,177.77,176.47,177.31
"AMGN","5-6-19",175.49,177.24,173.88,177.06
"AMGN","5-7-19",175.14,176.41,172.5,173.87
"AMGN","5-8-19",173.5,175.5,171.7,172.15
"AMGN","5-9-19",171.24,173.18,169.44,172.87
"AMGN","5-10-19",172.46,172.46,168.44,171.85
"AMGN","5-13-19",169.24,169.6,167.17,167.6
"AMGN","5-14-19",167.68,169.7222,167.3,167.81
"AMGN","5-15-19",167.23,170.6,166.3,169.87
"AMGN","5-16-19",169.4,172.02,169.344,169.92
"AMGN","5-17-19",169.27,171.24,169.11,169.91
"AMGN","5-20-19",168.68,170.3966,168.15,168.39
"AMGN","5-21-19",169.77,170.02,168.53,169.69
"AMGN","5-22-19",169.35,172.05,168.58,171.3
"AMGN","5-23-19",171.34,173.06,170.49,172.11
"AMGN","5-24-19",172.62,173.77,171.09,171.28
"AMGN","5-28-19",171.56,172.77,168.76,168.85
"AMGN","5-29-19",168,169.76,167.33,169.18
"AMGN","5-30-19",169.44,170.05,168.2,169.04
"AMGN","5-31-19",168.06,168.87,166.68,166.7
"AMGN","6-3-19",172,176.81,170.5642,172.36
"AMGN","6-4-19",174.03,175.36,170.56,174.73
"AMGN","6-5-19",175.68,175.77,173.09,174.55
"AMGN","6-6-19",174.78,176.06,174.09,174.45
"AMGN","6-7-19",175.63,176,173.28,175.51
"AMGN","6-10-19",175.95,176.16,174.05,175.58
"AMGN","6-11-19",176.27,177.15,174.2,174.62
"AMGN","6-12-19",175.3,176.69,174.16,175.6
"AMGN","6-13-19",175.83,177.45,175.23,176.71
"AMGN","6-14-19",176.97,177.9,175.55,176.08
"AMGN","6-17-19",176.04,178.55,175.4,178.39
"AMGN","6-18-19",179.27,182.82,179.12,181.61
"AMGN","6-19-19",181.48,183.12,180.64,182.77
"AMGN","6-20-19",184.78,185.29,182.11,184.08
"AMGN","6-21-19",183.89,187.13,182.91,187.11
"AMGN","6-24-19",186.07,187,184.7,184.83
"AMGN","6-25-19",184.6,186.78,183.17,184.44
"AMGN","6-26-19",184.71,184.94,182.74,183.17
"AMGN","6-27-19",183.35,185.44,183.03,184.02
"AMGN","6-28-19",184.17,186.1,183.66,184.28
"AMGN","7-1-19",186.88,187.3,185.1,186.35
"AMGN","7-2-19",186.03,186.67,184.1981,186.64
"AMGN","7-3-19",187.58,189.415,187.195,188.58
"AMGN","7-5-19",187.43,188.88,185.24,185.94
"AMGN","7-8-19",184.66,185.01,180.52,182.24
"AMGN","7-9-19",181.21,182.27,180.51,181.59
"AMGN","7-10-19",182.17,183.29,181.03,182.27
"AMGN","7-11-19",180.86,181,175.95,178
"AMGN","7-12-19",177.82,178.09,174.19,174.93
"AMGN","7-15-19",174.9,177.44,174.61,176.12
"AMGN","7-16-19",176.34,177.77,175.91,177.47
"AMGN","7-17-19",178.14,179.45,177.01,177.06
"AMGN","7-18-19",177.13,180.43,176.8,179.54
"AMGN","7-19-19",180.67,181.58,178.19,178.39
"AMGN","7-22-19",177.83,178.81,175.72,175.89
"AMGN","7-23-19",176.43,176.77,175.52,176.01
"AMGN","7-24-19",176.02,176.75,174.88,175.77
"AMGN","7-25-19",175.78,176.5,173.77,174.11
"AMGN","7-26-19",174.27,175.51,173.12,175.34
"AMGN","7-29-19",175.27,177.16,174.84,176.08
"AMGN","7-30-19",174.92,176.72,174.27,176.45
"AMGN","7-31-19",180,188,177.898,186.58
"AMGN","8-1-19",186.4,189.46,184.139,186
"AMGN","8-2-19",186,187.86,185.01,187.22
"AMGN","8-5-19",185.58,185.96,180.52,181.5
"AMGN","8-6-19",181.1,184.6,180.03,184.46
"AMGN","8-7-19",183.04,184.14,179.61,183.54
"AMGN","8-8-19",183.47,185.42,183.05,185.23
"AMGN","8-9-19",185.15,200,182.82,196.25
"AMGN","8-12-19",197.9,208.78,197.25,205.78
"AMGN","8-13-19",203.43,211.9,203.0003,206.12
"AMGN","8-14-19",202.81,205.4,198.72,198.87
"AMGN","8-15-19",200,201,198.63,199.31
"AMGN","8-16-19",201.83,205.46,200.36,204.02
"AMGN","8-19-19",203.23,206.5,201.11,206
"AMGN","8-20-19",205.9,206.12,202.9532,203.17
"AMGN","8-21-19",204.45,205.37,203.58,203.94
"AMGN","8-22-19",205.27,206.35,202,203.42
"AMGN","8-23-19",203.09,203.615,198.01,199.08
"AMGN","8-26-19",200.6,206.4,199.665,205.41
"AMGN","8-27-19",206.54,208.95,205.27,206.49
"AMGN","8-28-19",205.51,210.1369,205.33,207.52
"AMGN","8-29-19",209,209.84,205.26,206.98
"AMGN","8-30-19",208.99,210.97,206.88,208.62
"AMGN","9-3-19",207.3,207.885,204.68,205.52
"AMGN","9-4-19",206.7,207.37,203,206.32
"AMGN","9-5-19",206.63,208.47,205.97,207.65
"AMGN","9-6-19",208.64,209.35,206.1,207.73
"AMGN","9-9-19",202.53,202.95,198.79,202.34
"AMGN","9-10-19",200.81,201.97,195.36,196.87
"AMGN","9-11-19",197.13,198.46,195.17,195.84
"AMGN","9-12-19",196.085,196.83,193.9,194
"AMGN","9-13-19",194.41,196.67,194.33,195.47
"AMGN","9-16-19",196.16,196.16,193.51,194.08
"AMGN","9-17-19",194.04,196.78,194.04,196.72
"AMGN","9-18-19",196.36,196.83,193.26,195.04
"AMGN","9-19-19",195.72,196.3702,194.52,195.65
"AMGN","9-20-19",196,199.32,195.75,196.94
"AMGN","9-23-19",197.75,198.811,197.31,197.76
"AMGN","9-24-19",198.98,199.8,195.61,196.55
"AMGN","9-25-19",197.58,198.33,195.92,196.06
"AMGN","9-26-19",195.91,196.31,193.08,195.38
"AMGN","9-27-19",195.56,196.85,193.84,194.94
"AMGN","9-30-19",192.8,196.68,191.69,193.51
"AMGN","10-1-19",192.58,195.879,192.1,193.19
"AMGN","10-2-19",193.58,193.58,188.78,189.21
"AMGN","10-3-19",189.6,192.67,189,192.62
"AMGN","10-4-19",193.14,196.01,193.14,195.59
"AMGN","10-7-19",194.54,198.82,194.45,197.17
"AMGN","10-8-19",196.55,198,194.96,196.08
"AMGN","10-9-19",198.68,198.68,195.96,196.69
"AMGN","10-10-19",198,199.36,197.02,198.68
"AMGN","10-11-19",200.23,203.89,199.98,200.8
"AMGN","10-14-19",201.25,204.9,201.23,202.89
"AMGN","10-15-19",203.46,204.8,202.6,204.66
"AMGN","10-16-19",204.15,204.98,202.18,203.21
"AMGN","10-17-19",201.59,204.75,201.52,203.56
"AMGN","10-18-19",204.11,204.12,200.81,202.72
"AMGN","10-21-19",203.57,203.61,200.7827,202.93
"AMGN","10-22-19",204.63,206.06,203.22,204.83
"AMGN","10-23-19",204.23,205.89,203.04,203.32
"AMGN","10-24-19",203.95,204.3,201.66,203.06
"AMGN","10-25-19",202.59,203.71,201.51,203.05
"AMGN","10-28-19",203.17,205.9824,202.68,205.01
"AMGN","10-29-19",205.26,211.25,204.905,208.99
"AMGN","10-30-19",206.35,211,204.16,210.88
"AMGN","10-31-19",210.1,213.67,209.6,213.25
"AMGN","11-1-19",214.26,219.375,214,217.95
"AMGN","11-4-19",218.73,219.84,214.35,214.41
"AMGN","11-5-19",215.92,219.49,213.19,215.08
"AMGN","11-6-19",215.45,218.58,215.45,216.4
"AMGN","11-7-19",216.91,218.51,215.46,217.99
"AMGN","11-8-19",218.21,221.25,217.46,221.11
"AMGN","11-11-19",220.24,221.38,218.7,220.7
"AMGN","11-12-19",221.31,225.26,219.87,221.31
"AMGN","11-13-19",220.43,221.69,218.54,219.67
"AMGN","11-14-19",218.22,218.74,213.55,218.5
"AMGN","11-15-19",219.59,220.93,217.21,220.86
"AMGN","11-18-19",221.06,221.59,219.2055,220.67
"AMGN","11-19-19",221.24,224.68,220.7,224.5
"AMGN","11-20-19",224.38,226.55,223.13,225.51
"AMGN","11-21-19",227.12,228.8,225.02,227.82
"AMGN","11-22-19",228.08,230.87,227.83,230.74
"AMGN","11-25-19",231.08,235.8,231.08,234.54
"AMGN","11-26-19",233.98,234.89,232.01,234.39
"AMGN","11-27-19",234.65,235.28,231.85,234.54
"AMGN","11-29-19",234.13,235.47,233.75,234.72
"AMGN","12-2-19",234.54,235.8,232.63,233.48
"AMGN","12-3-19",231.48,233.18,230.78,232.77
"AMGN","12-4-19",232.73,234.89,232,233.88
"AMGN","12-5-19",233.69,233.765,231.46,233.41
"AMGN","12-6-19",234.68,235,233.19,233.77
"AMGN","12-9-19",234.96,235.05,232.63,232.82
"AMGN","12-10-19",231.92,235.12,231.51,233.84
"AMGN","12-11-19",234.03,234.97,233.03,234.01
"AMGN","12-12-19",234.58,237.24,234.06,235.99
"AMGN","12-13-19",235.6,238.12,235.14,236.74
"AMGN","12-16-19",239.5,244.53,239.5,243.2
"AMGN","12-17-19",243.58,244.99,241.28,242.84
"AMGN","12-18-19",242.21,243.22,241.015,241.94
"AMGN","12-19-19",242.78,243.3,239.93,241.84
"AMGN","12-20-19",244.57,244.57,240.7,243.06
"AMGN","12-23-19",243.98,244,241.59,243.03
"AMGN","12-24-19",242.82,243.1,241.72,242.33
"AMGN","12-26-19",242.72,243.64,241.32,241.9
"AMGN","12-27-19",242.24,242.99,240.16,241.53
"AMGN","12-30-19",241.4,242.98,239.4,240.27
"AMGN","12-31-19",240.28,241.46,238.5,241.07
"AMGN","1-2-20",243,243.19,238.98,240.1
"AMGN","1-3-20",237.1635,240.26,236.2435,238.47
"AMGN","1-6-20",237.2,240.45,236.56,240.3
"AMGN","1-7-20",239.31,240,237.59,238.04
"AMGN","1-8-20",237.93,239.58,236.61,238.22
"AMGN","1-9-20",239.69,239.69,237.97,238.93
"AMGN","1-10-20",238.68,240.93,237.61,238.26
"AMGN","1-13-20",238.26,238.33,234.79,236.92
"AMGN","1-14-20",235.8,240.68,235.17,240
"AMGN","1-15-20",240.67,242.6,240.05,241.7
"AMGN","1-16-20",242.18,243.85,239.845,240.5
"AMGN","1-17-20",242.11,242.14,239.27,241.49
"AMGN","1-21-20",240.97,242.01,237.26,237.6
"AMGN","1-22-20",238.75,239.7,235.755,236.75
"AMGN","1-23-20",237.06,237.06,233.07,235.04
"AMGN","1-24-20",235.8,235.88,224.5,225.59
"AMGN","1-27-20",223.68,224.93,221.17,222.95
"AMGN","1-28-20",223.57,226.7,222.85,224.84
"AMGN","1-29-20",225.5,228.93,225,227.15
"AMGN","1-30-20",226,226.97,223.31,226.15
"AMGN","1-31-20",218.7635,219.08,210.01,216.05
"AMGN","2-3-20",216.39,219.62,215.56,216.88
"AMGN","2-4-20",220.77,223.85,220.48,221.81
"AMGN","2-5-20",223.74,234.64,223.74,231.94
"AMGN","2-6-20",233.72,233.89,229.34,231.45
"AMGN","2-7-20",231.41,232.18,227.67,229.33
"AMGN","2-10-20",228.15,228.96,226.26,227.42
"AMGN","2-11-20",227.7,229.465,226.795,228.96
"AMGN","2-12-20",229.47,230.23,225.88,227
"AMGN","2-13-20",224.99,226.52,222.82,223.04
"AMGN","2-14-20",222.93,223.49,221.34,223.48
"AMGN","2-18-20",224.15,224.35,220.92,221.69
"AMGN","2-19-20",222.94,224.05,222.05,222.96
"AMGN","2-20-20",223.2,223.4795,218.51,222.14
"AMGN","2-21-20",222.24,223.8,220.99,222.79
"AMGN","2-24-20",219.88,223.99,215.76,217.88
"AMGN","2-25-20",218.08,219.56,209.82,210.38
"AMGN","2-26-20",216.18,216.7,212.02,214.54
"AMGN","2-27-20",214.92,215.28,203.22,203.5
"AMGN","2-28-20",198.05,203,195.18,199.73
"AMGN","3-2-20",199.9,212.37,198.71,212.2
"AMGN","3-3-20",210.34,216.16,202.66,204.42
"AMGN","3-4-20",209.53,215.29,207.62,215.11
"AMGN","3-5-20",207.66,216.39,207.58,212.12
"AMGN","3-6-20",203.97,211.61,203.82,210.65
"AMGN","3-9-20",197.74,203.62,190.75,198.37
"AMGN","3-10-20",203.36,207.1,194.67,206.8
"AMGN","3-11-20",201,203.92,195.81,198.65
"AMGN","3-12-20",184.63,196.26,181.765,182.24
"AMGN","3-13-20",189.76,203.17,188.52,202.1
"AMGN","3-16-20",184.67,204.715,182.96,188.68
"AMGN","3-17-20",192.21,210.91,191.6532,207.8
"AMGN","3-18-20",198.56,210.9,196.7375,204.88
"AMGN","3-19-20",201,208.75,195.27,198.76
"AMGN","3-20-20",198.89,201.97,186,188.25
"AMGN","3-23-20",188.89,191.955,177.05,185.93
"AMGN","3-24-20",191.47,202.85,190.01,202.34
"AMGN","3-25-20",197.77,201.36,190.01,193.14
"AMGN","3-26-20",193.12,199.72,190.5,198.49
"AMGN","3-27-20",194.42,205.87,194.01,198.27
"AMGN","3-30-20",200.05,209.45,200.05,208.48
"AMGN","3-31-20",203.49,207.245,200.7,202.73
"AMGN","4-1-20",197.56,201.38,194.99,197.81
"AMGN","4-2-20",194.41,209.53,194.21,208.88
"AMGN","4-3-20",207.43,209.75,203.03,205.41
"AMGN","4-6-20",212,212.71,206.85,211.58
"AMGN","4-7-20",213.45,215.18,207.33,208.78
"AMGN","4-8-20",208.9,219.82,207.34,219.19
"AMGN","4-9-20",217.4,219.35,215.7,218.21
"AMGN","4-13-20",216.98,219.18,215.15,218.27
"AMGN","4-14-20",221.01,228.32,220.25,226.8
"AMGN","4-15-20",224.99,225.5072,219.305,221.8
"AMGN","4-16-20",225,232.1,223.22,230.9
"AMGN","4-17-20",236.83,236.99,229.215,234.97
"AMGN","4-20-20",234.2,239.56,232.39,236.6
"AMGN","4-21-20",235,235.77,229.0006,230.75
"AMGN","4-22-20",233.35,234,227.59,229.29
"AMGN","4-23-20",229.09,235.65,228.8801,232.49
"AMGN","4-24-20",234.04,236.93,230.8,236.28
"AMGN","4-27-20",236.63,243,235,242.43
"AMGN","4-28-20",243,244.95,236.86,237.67
"AMGN","4-29-20",238.9,239.31,235.24,235.69
"AMGN","4-30-20",236.02,240.07,231.91,239.22
"AMGN","5-1-20",233,237.05,228,230.98
"AMGN","5-4-20",232.44,232.92,228.1,230.91
"AMGN","5-5-20",231.28,237.975,229.17,236.36
"AMGN","5-6-20",237.31,239.68,235.69,236.59
"AMGN","5-7-20",236.9,237.965,232.1,233.33
"AMGN","5-8-20",234.95,235.73,231.6,234.82
"AMGN","5-11-20",233.07,243.49,232.51,242.74
"AMGN","5-12-20",242.68,244.5,237.05,237.21
"AMGN","5-13-20",235.22,243.94,235.22,236.83
"AMGN","5-14-20",235.95,238.97,233.8,237.98
"AMGN","5-15-20",234.43,240.43,233.8936,240.2
"AMGN","5-18-20",243.66,244.39,231.795,233.19
"AMGN","5-19-20",232.64,233.435,227.17,227.43
"AMGN","5-20-20",229.27,230.12,225.64,227.87
"AMGN","5-21-20",228.11,228.24,224,224.78
"AMGN","5-22-20",224.17,226.77,223.61,226.43
"AMGN","5-26-20",227.53,228.35,221.73,222.4
"AMGN","5-27-20",222.32,225.13,217.465,224.81
"AMGN","5-28-20",226.26,226.62,222.25,224.13
"AMGN","5-29-20",225,230.57,222.06,229.7
"AMGN","6-1-20",228.89,230.54,225.7083,226.91
"AMGN","6-2-20",225.8,226.36,222.58,223.72
"AMGN","6-3-20",223.49,224.285,218.25,221
"AMGN","6-4-20",220.77,223.45,219.21,220.88
"AMGN","6-5-20",219.7,225.9499,218.2,225.67
"AMGN","6-8-20",223.27,226.25,221.75,225.75
"AMGN","6-9-20",226,228.31,224.57,224.9
"AMGN","6-10-20",226.68,229.49,225.52,227.12
"AMGN","6-11-20",228.06,229.78,218.67,218.9
"AMGN","6-12-20",221.1,222.35,214.2,217.9
"AMGN","6-15-20",215.81,221,213.8601,219.78
"AMGN","6-16-20",222.83,228.875,222.62,226.87
"AMGN","6-17-20",228.54,228.81,224.53,225.97
"AMGN","6-18-20",226.86,231.48,225.68,230.32
"AMGN","6-19-20",233.38,239.07,231.31,238.7
"AMGN","6-22-20",236.31,237.65,233.06,234.19
"AMGN","6-23-20",234.87,239.17,233.435,235.75
"AMGN","6-24-20",235.21,237,231.4,232.51
"AMGN","6-25-20",231.5,235.44,230.385,235.11
"AMGN","6-26-20",235.37,236.86,231.8227,232.84
"AMGN","6-29-20",233.4,234.14,229.98,231.56
"AMGN","6-30-20",233.31,237.32,231.795,235.86
"AMGN","7-1-20",235.52,256.23,232.58,255.12
"AMGN","7-2-20",252.87,261.46,252.87,258.24
"AMGN","7-6-20",260.03,264.97,253.9,256.25
"AMGN","7-7-20",253.6,258.91,252.09,253.15
"AMGN","7-8-20",253.15,253.975,249.25,251.59
"AMGN","7-9-20",250.25,253.8304,248.835,251.66
"AMGN","7-10-20",250.65,251.57,247.07,249.04
"AMGN","7-13-20",249.83,255.43,249.28,250.04
"AMGN","7-14-20",242.76,253.79,240.48,253.09
"AMGN","7-15-20",254.57,254.57,250.77,253.31
"AMGN","7-16-20",252.06,255.29,249.9238,255.2
"AMGN","7-17-20",256.7,259.95,254.76,258.46
"AMGN","7-20-20",260.08,262.815,258.315,260.95
"AMGN","7-21-20",258.62,260.03,257.28,257.91
"AMGN","7-22-20",259.79,260,255.8,256.98
"AMGN","7-23-20",259.54,260,251.6,252.24
"AMGN","7-24-20",251.26,251.83,245.5,247.98
"AMGN","7-27-20",247.3,255.0964,247.0345,253.65
"AMGN","7-28-20",254.46,258.4,253.77,255.27
"AMGN","7-29-20",250.4,252.85,245.74,248.85
"AMGN","7-30-20",246.4,247.82,245.2,246.14
"AMGN","7-31-20",245.63,246.1,239.3942,244.67
"AMGN","8-3-20",244.85,249.02,244.53,247.36
"AMGN","8-4-20",245.97,246.17,241.3385,243.59
"AMGN","8-5-20",243.91,245.41,240.8,241.47
"AMGN","8-6-20",240.85,242.2,239.105,241.55
"AMGN","8-7-20",243.58,243.62,238.57,240.69
"AMGN","8-10-20",240.26,240.67,236.21,238.17
"AMGN","8-11-20",238.18,238.9,234.36,234.65
"AMGN","8-12-20",234.69,243,234.69,241.72
"AMGN","8-13-20",241.31,242.77,239.61,240.46
"AMGN","8-14-20",239.2144,240.06,238.615,239.71
"AMGN","8-17-20",240.21,244.74,240.21,243.01
"AMGN","8-18-20",243.52,244.305,240.02,241.5
"AMGN","8-19-20",241.02,243.73,238.5,240.49
"AMGN","8-20-20",240.13,240.6888,237.3,238.73
"AMGN","8-21-20",238.88,238.88,235.51,237.64
"AMGN","8-24-20",237.73,238.44,233.56,235.57
"AMGN","8-25-20",242.9,249.96,240.8,248.22
"AMGN","8-26-20",248.33,251.38,245.76,250.18
"AMGN","8-27-20",252.24,256.91,250.41,252.81
"AMGN","8-28-20",253.4,254.14,247.79,253.12
"AMGN","8-31-20",252.93,256.05,250.1,253.32
"AMGN","9-1-20",250.05,252.04,248.68,250.86
"AMGN","9-2-20",251.22,258.8,251.22,258.12
"AMGN","9-3-20",259.29,260.0641,246.35,247.91
"AMGN","9-4-20",251.33,252.27,244.5755,248.4
"AMGN","9-8-20",246.23,246.99,239.525,241.18
"AMGN","9-9-20",242.64,247.49,241.82,245.57
"AMGN","9-10-20",244.56,246.14,238.9,240.64
"AMGN","9-11-20",241.7,245.49,241.07,243.21
"AMGN","9-14-20",244.8362,247.84,244.25,246.75
"AMGN","9-15-20",248.7,251.915,248.1,248.35
"AMGN","9-16-20",251.35,251.35,247,247.76
"AMGN","9-17-20",243.53,249.72,243.02,248.08
"AMGN","9-18-20",248.69,249.84,242.35,247.72
"AMGN","9-21-20",247.04,247.04,238.2,243.19
"AMGN","9-22-20",241.55,248.29,240.895,247.5
"AMGN","9-23-20",247.3,249.23,241.48,242.59
"AMGN","9-24-20",242.1471,242.68,237.78,240.32
"AMGN","9-25-20",239.51,244.18,237.81,243.82
"AMGN","9-28-20",247.68,249.04,244.77,247.03
"AMGN","9-29-20",247.55,249.05,245.48,248.3
"AMGN","9-30-20",249.81,256.115,248.1,254.16
"AMGN","10-1-20",255.07,258.505,254.05,255.39
"AMGN","10-2-20",252.4,254.66,244.01,245.41
"AMGN","10-5-20",246.52,256.65,246.2405,256.01
"AMGN","10-6-20",257.4,257.4,252.14,252.69
"AMGN","10-7-20",253.96,258.405,253.1,257.67
"AMGN","10-8-20",249.27,250.06,239,240.09
"AMGN","10-9-20",238.5,239.58,234.02,236.7
"AMGN","10-12-20",237.73,241.92,235.7606,239.51
"AMGN","10-13-20",239.2,241.87,238.87,239.34
"AMGN","10-14-20",240.4,242.27,237.2,237.65
"AMGN","10-15-20",236,236.99,232.87,235.01
"AMGN","10-16-20",235.35,239.1599,233.8,235.72
"AMGN","10-19-20",236.21,237.4425,230.01,230.71
"AMGN","10-20-20",231.06,232.9,229.36,231.1
"AMGN","10-21-20",229.46,231.11,227.54,228.97
"AMGN","10-22-20",228.1,229.9294,226.16,227.98
"AMGN","10-23-20",228.72,230.07,226.3,227.16
"AMGN","10-26-20",226.02,228.23,221.79,224.89
"AMGN","10-27-20",225.06,225.95,223.1401,223.46
"AMGN","10-28-20",219.02,221.06,215.93,216.38
"AMGN","10-29-20",213.63,220.33,210.28,217.82
"AMGN","10-30-20",216.22,217.27,213.96,216.94
"AMGN","11-2-20",221.56,222.37,217.2,220.21
"AMGN","11-3-20",221.76,223.08,218.46,220.06
"AMGN","11-4-20",226.29,235.98,225.1,230.33
"AMGN","11-5-20",233.77,233.8273,230,231.97
"AMGN","11-6-20",232.66,233.21,230.04,231.67
"AMGN","11-9-20",242.94,244.8,234,235
"AMGN","11-10-20",244,245.84,239.47,241.6
"AMGN","11-11-20",242.52,245.67,238.5,240.69
"AMGN","11-12-20",240.55,240.89,235.64,237.14
"AMGN","11-13-20",236.89,238.59,235,237.36
"AMGN","11-16-20",237.42,239.815,235.26,236.66
"AMGN","11-17-20",235.01,236.9299,232.12,232.44
"AMGN","11-18-20",234.05,234.37,227.64,227.76
"AMGN","11-19-20",226.97,226.97,223.59,224.67
"AMGN","11-20-20",223.22,225.0909,221.48,223.17
"AMGN","11-23-20",222.0622,223.17,220.3396,222.22
"AMGN","11-24-20",222.45,223.05,219.82,220.46
"AMGN","11-25-20",221.095,223.77,218.92,220.31
"AMGN","11-27-20",221.41,226.21,221.39,224.81
"AMGN","11-30-20",224.33,225.2775,219.45,222.04
"AMGN","12-1-20",224.88,225.78,222.72,225.08
"AMGN","12-2-20",225.08,230.0799,224.6092,226.56
"AMGN","12-3-20",226,228.45,225.52,226.91
"AMGN","12-4-20",225.75,230.33,225.75,229.21
"AMGN","12-7-20",229,229.21,225.11,226.45
"AMGN","12-8-20",229.01,229.1,226.345,228.94
"AMGN","12-9-20",229.78,231.59,227.88,229.85
"AMGN","12-10-20",229.62,230,227.52,228.16
"AMGN","12-11-20",226.47,227.8,225.495,227.4
"AMGN","12-14-20",229.48,232.19,227.58,229.46
"AMGN","12-15-20",229.01,231.28,227,230.53
"AMGN","12-16-20",229.99,231.28,228.11,228.44
"AMGN","12-17-20",229.12,231.38,228.83,231.24
"AMGN","12-18-20",232.04,232.04,227.25,228.49
"AMGN","12-21-20",225.68,227.94,221.58,227.31
"AMGN","12-22-20",225.72,226.475,220.08,220.99
"AMGN","12-23-20",221.48,223.58,220.66,222.94
"AMGN","12-24-20",223.24,224.58,222.29,222.93
"AMGN","12-28-20",223.03,226.9,223.03,223.65
"AMGN","12-29-20",225.88,229.47,225.2733,226.87
"AMGN","12-30-20",227.98,229.03,226.58,227.17
"AMGN","12-31-20",227.31,230.25,225.89,229.92
"AMGN","1-4-21",231.25,231.25,223.67,226.66
"AMGN","1-5-21",226.94,228.895,224.35,227.76
"AMGN","1-6-21",225,233.53,225,233.25
"AMGN","1-7-21",231.86,235.37,231.465,234.02
"AMGN","1-8-21",235.53,238.86,235.1,238.49
"AMGN","1-11-21",240,240.35,234.43,237.57
"AMGN","1-12-21",237.12,238.78,235.35,236.59
"AMGN","1-13-21",235.99,238.5,235.22,237.74
"AMGN","1-14-21",236.5,243.49,235.675,241.66
"AMGN","1-15-21",241.18,246.84,240.0197,245.49
"AMGN","1-19-21",246.5,249,246.38,248.27
"AMGN","1-20-21",247.42,253.35,246.12,252.36
"AMGN","1-21-21",252,252.73,249.52,252.03
"AMGN","1-22-21",252.26,255.23,250.56,253.5
"AMGN","1-25-21",252.05,257.11,251.85,257.1
"AMGN","1-26-21",256.59,259.07,254.86,258.6
"AMGN","1-27-21",255.47,259.44,250.32,251.06
"AMGN","1-28-21",252.48,276.69,243.45,247.75
"AMGN","1-29-21",244.93,246.47,240.25,241.43
"AMGN","2-1-21",244.3,245.48,239.58,240.43
"AMGN","2-2-21",240,241.9482,236.8,240.49
"AMGN","2-3-21",231.5595,239.87,231.391,237.08
"AMGN","2-4-21",236.28,237.855,233.745,237.22
"AMGN","2-5-21",238.31,238.88,235.38,236.32
"AMGN","2-8-21",237.99,239.63,235.85,237.57
"AMGN","2-9-21",237.28,237.67,234.79,236.65
"AMGN","2-10-21",238.4,240.295,236.7,238.46
"AMGN","2-11-21",238.64,239.1319,233.985,235.04
"AMGN","2-12-21",235.04,237.35,233.485,237.21
"AMGN","2-16-21",236.01,237.69,232.53,232.84
"AMGN","2-17-21",232.33,235.84,231.24,235.61
"AMGN","2-18-21",235.43,235.43,232.3,232.53
"AMGN","2-19-21",232.01,233.15,230.85,231.69
"AMGN","2-22-21",230.33,233.8,230.12,231.47
"AMGN","2-23-21",232.65,238,230.9675,232.46
"AMGN","2-24-21",229.87,230.7879,227.71,229.99
"AMGN","2-25-21",229.99,230.5,226.9,227.52
"AMGN","2-26-21",230.3134,230.3134,223.615,224.92
"AMGN","3-1-21",225.88,227.9289,225.23,227.04
"AMGN","3-2-21",227,227.89,225.28,225.69
"AMGN","3-3-21",223.52,225.6878,221.31,223.94
"AMGN","3-4-21",227.82,227.87,220.2533,221.91
"AMGN","3-5-21",222.45,228.15,221.45,227.73
"AMGN","3-8-21",228.08,232.2,226.7,227.81
"AMGN","3-9-21",230,233.12,228.78,228.99
"AMGN","3-10-21",231.4637,233.49,229.02,229.96
"AMGN","3-11-21",230.66,233.96,228.7781,231.17
"AMGN","3-12-21",230.24,230.76,228.69,230.36
"AMGN","3-15-21",230,236.16,229.8,235.96
"AMGN","3-16-21",238.115,242.02,236.62,240.32
"AMGN","3-17-21",240.31,245.9,239.22,244.27
"AMGN","3-18-21",240.5,247.14,240.5,244.42
"AMGN","3-19-21",245.74,247.4,241.63,245.94
"AMGN","3-22-21",242.36,249.77,242.36,249.69
"AMGN","3-23-21",249.99,250,244.9,245.04
"AMGN","3-24-21",245,247.389,243.82,245.47
"AMGN","3-25-21",247.04,247.54,244.98,246.25
"AMGN","3-26-21",245.97,253.28,245.54,252.86
"AMGN","3-29-21",251.53,256.595,251.45,254.96
"AMGN","3-30-21",253.18,254.0075,248.83,249.75
"AMGN","3-31-21",249.23,249.95,247.36,248.81
"AMGN","4-1-21",249.73,250,246.405,249.17
"AMGN","4-5-21",249.06,252.63,249.06,252.02
"AMGN","4-6-21",251.74,252.54,248.24,249.1
"AMGN","4-7-21",248.17,250.22,247.1,248.12
"AMGN","4-8-21",249.1,249.4802,245.98,246.88
"AMGN","4-9-21",247.71,249.1,245.81,248.95
"AMGN","4-12-21",248.52,250,247.79,248.94
"AMGN","4-13-21",249.15,250.35,247.09,249.95
"AMGN","4-14-21",249.98,251.5,249,249.62
"AMGN","4-15-21",251.1,257,250.5,255.13
"AMGN","4-16-21",256.44,258.82,254.67,255.71
"AMGN","4-19-21",252.85,256.11,252.64,255.97
"AMGN","4-20-21",254.84,260.36,254.84,259.14
"AMGN","4-21-21",260.41,261,257.75,258.78
"AMGN","4-22-21",257.54,258.475,253.66,255.05
"AMGN","4-23-21",254.98,258.14,253.67,257.03
"AMGN","4-26-21",256.65,256.75,254.415,255.52
"AMGN","4-27-21",255.1886,256.53,253.76,255.13
"AMGN","4-28-21",241.52,243.97,233.76,236.71
"AMGN","4-29-21",235.07,236,231.03,234.71
"AMGN","4-30-21",234.27,240.66,234.2,239.64
"AMGN","5-3-21",240.67,247.02,240.55,245.38
"AMGN","5-4-21",247.27,247.58,242.87,247.36
"AMGN","5-5-21",246.29,249.98,245.91,249.35
"AMGN","5-6-21",249.28,251.48,246.96,251.3
"AMGN","5-7-21",251.78,255.73,251.78,254.21
"AMGN","5-10-21",256,258.81,252.06,252.62
"AMGN","5-11-21",253.16,255.96,251.62,252.3
"AMGN","5-12-21",251.4097,253.72,249.68,250.83
"AMGN","5-13-21",250.17,254.09,249.79,252.07
"AMGN","5-14-21",252.89,254.59,251.15,251.38
"AMGN","5-17-21",252.29,254.66,250.64,252.38
"AMGN","5-18-21",252.08,253.1,250.32,250.86
"AMGN","5-19-21",248.39,249.09,246.75,248.63
"AMGN","5-20-21",248.005,254.39,247.905,251.93
"AMGN","5-21-21",253.71,254.06,250.74,251.01
"AMGN","5-24-21",250.56,253.48,247.57,247.75
"AMGN","5-25-21",246.66,247.75,241.78,242
"AMGN","5-26-21",241.84,242.479,238.33,238.55
"AMGN","5-27-21",238.91,239.464,234.58,235.31
"AMGN","5-28-21",236.21,240.87,236.13,237.94
"AMGN","6-1-21",242.2,242.28,232.94,233.58
"AMGN","6-2-21",234.9,236.69,233.89,235.16
"AMGN","6-3-21",233.67,236.58,233.36,235.74
"AMGN","6-4-21",236.74,239.28,235.75,236.85
"AMGN","6-7-21",236.92,240.5669,235.2,237.19
"AMGN","6-8-21",238.93,239.12,235.25,236.82
"AMGN","6-9-21",237.92,241.31,236.725,239.52
"AMGN","6-10-21",239.57,245.33,239.22,244.64
"AMGN","6-11-21",244.88,245.5,241.98,242.77
"AMGN","6-14-21",242.56,242.72,239.29,241.19
"AMGN","6-15-21",241.74,241.98,239.05,239.85
"AMGN","6-16-21",240.87,244.505,238,239.58
"AMGN","6-17-21",239.54,242.43,238.34,240.76
"AMGN","6-18-21",239.58,241,236.47,238.68
"AMGN","6-21-21",239.64,240.9079,237.65,240.24
"AMGN","6-22-21",239.71,240.75,238.29,239.91
"AMGN","6-23-21",239.65,239.75,236.93,238.71
"AMGN","6-24-21",240.41,243.03,239.29,240.95
"AMGN","6-25-21",241.635,243.65,240.11,242.68
"AMGN","6-28-21",244.03,245.51,242.66,242.84
"AMGN","6-29-21",243.2222,243.94,242.06,242.46
"AMGN","6-30-21",242.72,244.27,242.06,243.75
"AMGN","7-1-21",243.74,247.1,243.55,246.9
"AMGN","7-2-21",247.33,249.895,246.2518,248.7
"AMGN","7-6-21",247.26,248.12,243.17,243.65
"AMGN","7-7-21",244.07,244.28,241.34,243.22
"AMGN","7-8-21",244.235,246.7,242.445,244.28
"AMGN","7-9-21",243.09,245.93,241.7064,245.2
"AMGN","7-12-21",244.49,247.9037,243.54,244.37
"AMGN","7-13-21",245.3883,246.75,242.975,244.83
"AMGN","7-14-21",244.22,245.33,241.49,244.7
"AMGN","7-15-21",244.33,247.57,242.14,246.63
"AMGN","7-16-21",248.08,249.529,246.54,247.96
"AMGN","7-19-21",247.8,249.95,244.85,246.73
"AMGN","7-20-21",247.27,250.39,245.71,246.89
"AMGN","7-21-21",246.91,246.96,242.69,244.85
"AMGN","7-22-21",243.98,246.22,243.1294,244.74
"AMGN","7-23-21",246.27,248.56,244.87,247.72
"AMGN","7-26-21",247.72,248.39,244.81,245.08
"AMGN","7-27-21",244.12,245.61,243.38,244.68
"AMGN","7-28-21",244.55,247.695,243.515,244.25
"AMGN","7-29-21",244.46,245.16,242.21,242.46
"AMGN","7-30-21",242.62,243.095,240.63,241.54
"AMGN","8-2-21",242.12,242.48,238.37,239.79
"AMGN","8-3-21",240.76,244.39,239.41,244.08
"AMGN","8-4-21",238.37,239.42,227.1,228.31
"AMGN","8-5-21",228.75,234.04,228.06,233.99
"AMGN","8-6-21",231.85,233.25,228.77,230.15
"AMGN","8-9-21",230.52,231.4,227.22,227.89
"AMGN","8-10-21",228.2,228.2,223.94,227.96
"AMGN","8-11-21",229.14,230,227.49,228.13
"AMGN","8-12-21",228.2,229.48,225.81,228.15
"AMGN","8-13-21",229.11,231.89,228.76,229.68
"AMGN","8-16-21",228.2552,231.29,227.92,231.07
"AMGN","8-17-21",229.66,231.28,229.52,231.2
"AMGN","8-18-21",230.52,231.33,226.6,226.84
"AMGN","8-19-21",225.69,227.7,223.3,224.39
"AMGN","8-20-21",224.39,226.24,222.01,223.53
"AMGN","8-23-21",224.18,227.44,223.77,225.64
"AMGN","8-24-21",225.52,225.68,223.56,224.38
"AMGN","8-25-21",224.31,224.83,221.18,221.59
"AMGN","8-26-21",222.06,222.06,220.16,221.47
"AMGN","8-27-21",222.22,225.36,220.22,222.78
"AMGN","8-30-21",222.28,225.31,222.1,224.13
"AMGN","8-31-21",224.94,225.65,223.34,225.53
"AMGN","9-1-21",225.55,226.12,221.88,223.35
"AMGN","9-2-21",223.64,226.03,223.43,225.96
"AMGN","9-3-21",225.76,227.19,224.2,226.37
"AMGN","9-7-21",223,224.94,219.52,221.34
"AMGN","9-8-21",221.33,222.29,220.1,220.87
"AMGN","9-9-21",220.5,220.65,215.41,215.58
"AMGN","9-10-21",216.5,216.99,213.55,213.75
"AMGN","9-13-21",217.06,219.05,215.07,216.72
"AMGN","9-14-21",217.6025,217.92,215.12,216.04
"AMGN","9-15-21",216.77,219.92,215.86,218.13
"AMGN","9-16-21",218.02,218.65,214,217.36
